Glforce,temp_avg_jan
45.557976,72.589996
14.893115,46.919998
9.1868048,66.104996
21.052982,65.281998
8.9123869,55.849998
17.822145,71.220001
17.978226,74.165001
30.412819,74.849998
33.685234,70.102501
8.7187099,70.669998
13.75174,61.700001
25.32159,66.434998
34.32832,72.389999
18.882401,69.305
11.855233,65.800003
43.362911,69.129997
