perc_lab_1929,x,perc_lab_2007
58,1,85
52.999996,2,74
38,3,58.999996
28,4,44
14,5,30.000002
4,6,17
